dataset,seed_label,method,recall,recall_min,recall_max,impact,seed_count
aimnet2,10,force_magnitude,0.39543956043956047,0.3625,0.4125,0.32613376515611603,10.0
aimnet2,10,mp_ridge,0.6361648351648352,0.4375,0.880952380952381,0.4104496527006864,10.0
aimnet2,10,net_force,0.8855494505494506,0.8717948717948719,0.9,0.41308902248374607,10.0
aimnet2,10,random,0.35016844368327565,0.3369434416365824,0.3608247422680412,0.35016844368327565,10.0
aimnet2,10,ridge,0.6838333333333333,0.495,0.85,0.4065557871218193,10.0
aimnet2,10,rigid_force,0.9553388278388277,0.9404761904761904,0.975,0.41445403605413283,10.0
aimnet2,10,trees_log,0.45400183150183154,0.2625,0.6523809523809524,0.36718516385416033,10.0
aimnet2,10,trees_physics,0.5970586080586081,0.145,0.7974358974358975,0.35705558044734353,10.0
aimnet2,10,trees_raw,0.4590604395604395,0.2625,0.6452380952380953,0.365123917167861,10.0
aimnet2,100,force_magnitude,0.39543956043956047,0.3625,0.4125,0.32613376515611603,100.0
aimnet2,100,mp_ridge,0.8969743589743591,0.8825,0.9199999999999999,0.3425712674115175,100.0
aimnet2,100,net_force,0.8855494505494506,0.8717948717948719,0.9,0.41308902248374607,100.0
aimnet2,100,random,0.35016844368327565,0.3369434416365824,0.3608247422680412,0.35016844368327565,100.0
aimnet2,100,ridge,0.9292838827838829,0.915,0.9425000000000001,0.34022914632980533,100.0
aimnet2,100,rigid_force,0.9553388278388277,0.9404761904761904,0.975,0.41445403605413283,100.0
aimnet2,100,trees_log,0.9258260073260074,0.9128205128205129,0.9400000000000001,0.32200739257003425,100.0
aimnet2,100,trees_physics,0.919602564102564,0.9,0.9324999999999999,0.3017546642628032,100.0
aimnet2,100,trees_raw,0.9308278388278388,0.9125,0.9574999999999999,0.3179605662476777,100.0
aimnet2,20,force_magnitude,0.39543956043956047,0.3625,0.4125,0.32613376515611603,20.0
aimnet2,20,mp_ridge,0.7402509157509158,0.6275000000000001,0.9095238095238095,0.411278558687833,20.0
aimnet2,20,net_force,0.8855494505494506,0.8717948717948719,0.9,0.41308902248374607,20.0
aimnet2,20,random,0.35016844368327565,0.3369434416365824,0.3608247422680412,0.35016844368327565,20.0
aimnet2,20,ridge,0.7816849816849818,0.71,0.8404761904761905,0.4282340752937621,20.0
aimnet2,20,rigid_force,0.9553388278388277,0.9404761904761904,0.975,0.41445403605413283,20.0
aimnet2,20,trees_log,0.6944761904761905,0.425,0.8675,0.3980742778208664,20.0
aimnet2,20,trees_physics,0.8446648351648351,0.735,0.9349999999999999,0.3804459562642902,20.0
aimnet2,20,trees_raw,0.7179047619047619,0.4425,0.8775000000000001,0.3966608797340221,20.0
aimnet2,50,force_magnitude,0.39543956043956047,0.3625,0.4125,0.32613376515611603,50.0
aimnet2,50,mp_ridge,0.8800842490842491,0.8675,0.9261904761904762,0.38383578218609166,50.0
aimnet2,50,net_force,0.8855494505494506,0.8717948717948719,0.9,0.41308902248374607,50.0
aimnet2,50,random,0.35016844368327565,0.3369434416365824,0.3608247422680412,0.35016844368327565,50.0
aimnet2,50,ridge,0.9365695970695971,0.9199999999999999,0.9571428571428573,0.40106604014984226,50.0
aimnet2,50,rigid_force,0.9553388278388277,0.9404761904761904,0.975,0.41445403605413283,50.0
aimnet2,50,trees_log,0.9281227106227107,0.905,0.9525,0.3846298865714042,50.0
aimnet2,50,trees_physics,0.9473205128205129,0.9307692307692308,0.9650000000000001,0.36102413465753386,50.0
aimnet2,50,trees_raw,0.9341245421245421,0.9153846153846155,0.9475,0.3799083182209041,50.0
aimnet2,full,force_magnitude,0.39543956043956047,0.3625,0.4125,0.32613376515611603,200.0
aimnet2,full,mp_ridge,0.704551282051282,0.5769230769230769,0.8333333333333334,0.18637418688217836,200.0
aimnet2,full,net_force,0.8855494505494506,0.8717948717948719,0.9,0.41308902248374607,200.0
aimnet2,full,random,0.35016844368327565,0.3369434416365824,0.3608247422680412,0.35016844368327565,200.0
aimnet2,full,ridge,0.7165750915750916,0.5769230769230769,0.880952380952381,0.19090060515442697,200.0
aimnet2,full,rigid_force,0.9553388278388277,0.9404761904761904,0.975,0.41445403605413283,200.0
aimnet2,full,trees_log,0.6854468864468866,0.5846153846153846,0.7976190476190477,0.175122574325347,200.0
aimnet2,full,trees_physics,0.669415750915751,0.5641025641025641,0.7404761904761905,0.16627560812686068,200.0
aimnet2,full,trees_raw,0.690032967032967,0.5923076923076923,0.7928571428571429,0.1734790767529675,200.0
transition1x,10,force_magnitude,0.37422924375936273,0.3411764705882353,0.4246575342465754,0.8595827096982134,10.0
transition1x,10,mp_ridge,0.3804113038699478,0.3407407407407407,0.4383561643835616,0.4313805270498179,10.0
transition1x,10,net_force,0.3513450265886881,0.3209876543209876,0.40506329113924056,0.08081504199321991,10.0
transition1x,10,random,0.3510657532234326,0.3309692671394799,0.3867403314917127,0.3510657532234326,10.0
transition1x,10,ridge,0.3832815841041411,0.3428571428571428,0.44109589041095887,0.39202188093998247,10.0
transition1x,10,rigid_force,0.36099288295682924,0.3209876543209876,0.3924050632911392,0.08078286855070335,10.0
transition1x,10,trees_log,0.36223847587702784,0.3071428571428571,0.46301369863013697,0.4305012120203668,10.0
transition1x,10,trees_physics,0.32899746105790634,0.30126582278481007,0.3671232876712328,0.2674261194059158,10.0
transition1x,10,trees_raw,0.359637472817255,0.2833333333333333,0.4712328767123287,0.391000258384025,10.0
transition1x,100,force_magnitude,0.37422924375936273,0.3411764705882353,0.4246575342465754,0.8595827096982134,100.0
transition1x,100,mp_ridge,0.3158986445897165,0.2518518518518518,0.3643835616438356,0.327398229739399,100.0
transition1x,100,net_force,0.3513450265886881,0.3209876543209876,0.40506329113924056,0.08081504199321991,100.0
transition1x,100,random,0.3510657532234326,0.3309692671394799,0.3867403314917127,0.3510657532234326,100.0
transition1x,100,ridge,0.32605837399085663,0.2716049382716049,0.38630136986301367,0.3669864967475668,100.0
transition1x,100,rigid_force,0.36099288295682924,0.3209876543209876,0.3924050632911392,0.08078286855070335,100.0
transition1x,100,trees_log,0.33594387695801076,0.2870588235294117,0.38734177215189874,0.21046735251130944,100.0
transition1x,100,trees_physics,0.23119602858258564,0.2050632911392405,0.2595238095238095,0.048301051848425036,100.0
transition1x,100,trees_raw,0.33375379473665523,0.3063291139240506,0.37260273972602737,0.20670221742029696,100.0
transition1x,20,force_magnitude,0.37422924375936273,0.3411764705882353,0.4246575342465754,0.8595827096982134,20.0
transition1x,20,mp_ridge,0.36588702016202634,0.3317647058823529,0.4,0.46914465436621644,20.0
transition1x,20,net_force,0.3513450265886881,0.3209876543209876,0.40506329113924056,0.08081504199321991,20.0
transition1x,20,random,0.3510657532234326,0.3309692671394799,0.3867403314917127,0.3510657532234326,20.0
transition1x,20,ridge,0.3724707276176113,0.3364705882352941,0.3972602739726027,0.46908903667629237,20.0
transition1x,20,rigid_force,0.36099288295682924,0.3209876543209876,0.3924050632911392,0.08078286855070335,20.0
transition1x,20,trees_log,0.36653469697739155,0.32098765432098764,0.4082191780821917,0.23439347626105533,20.0
transition1x,20,trees_physics,0.33315190591197075,0.32405063291139236,0.3506849315068493,0.14997256723938068,20.0
transition1x,20,trees_raw,0.36929187619662496,0.33086419753086416,0.4164383561643835,0.2334168015544737,20.0
transition1x,50,force_magnitude,0.37422924375936273,0.3411764705882353,0.4246575342465754,0.8595827096982134,50.0
transition1x,50,mp_ridge,0.35289330504886895,0.29135802469135796,0.3835616438356164,0.30303981808192243,50.0
transition1x,50,net_force,0.3513450265886881,0.3209876543209876,0.40506329113924056,0.08081504199321991,50.0
transition1x,50,random,0.3510657532234326,0.3309692671394799,0.3867403314917127,0.3510657532234326,50.0
transition1x,50,ridge,0.3649480838826099,0.3037037037037037,0.40714285714285714,0.3423404787074113,50.0
transition1x,50,rigid_force,0.36099288295682924,0.3209876543209876,0.3924050632911392,0.08078286855070335,50.0
transition1x,50,trees_log,0.36498739102728667,0.29135802469135796,0.41772151898734167,0.30312731049271685,50.0
transition1x,50,trees_physics,0.3056758436106654,0.28888888888888886,0.3247058823529411,0.10221657822794665,50.0
transition1x,50,trees_raw,0.3754000174461759,0.328395061728395,0.4261904761904761,0.3416116017203189,50.0
transition1x,full,force_magnitude,0.37422924375936273,0.3411764705882353,0.4246575342465754,0.8595827096982134,200.0
transition1x,full,mp_ridge,0.16798286317076455,0.0273972602739726,0.2345679012345679,0.019736844282124556,200.0
transition1x,full,net_force,0.3513450265886881,0.3209876543209876,0.40506329113924056,0.08081504199321991,200.0
transition1x,full,random,0.3510657532234326,0.3309692671394799,0.3867403314917127,0.3510657532234326,200.0
transition1x,full,ridge,0.16763012948469752,0.0273972602739726,0.2619047619047619,0.01941359699805598,200.0
transition1x,full,rigid_force,0.36099288295682924,0.3209876543209876,0.3924050632911392,0.08078286855070335,200.0
transition1x,full,trees_log,0.20418514512266314,0.03013698630136986,0.3209876543209876,0.2160963067735619,200.0
transition1x,full,trees_physics,0.12101809935516246,0.0136986301369863,0.20714285714285707,0.019048286383639004,200.0
transition1x,full,trees_raw,0.1889999543247672,0.03561643835616438,0.3432098765432098,0.21328156823663297,200.0
